,beta0,beta1,beta2,beta3,beta4,beta5,beta6,beta7,beta8,beta9,beta10,beta11,beta12,beta13,beta14,beta15,beta16,beta17,beta18,beta19,beta20,beta21,beta22,beta23,beta24,beta25,beta26,beta27,beta28,beta29,beta30,beta31,beta32,beta33,beta34,beta35,beta36,beta37,beta38,beta39,beta40,beta41,beta42,beta43,beta44,beta45,beta46,beta47,beta48,beta49,beta50,K,cross_val,train_error,validation_error
0,0.02174762974812548,0.0,0.0,0.0,0.0,0.0,0.0,0.0,0.0,-2.473294663934664,0.0,0.0,0.0,0.0,0.0,0.0,0.0,0.0,0.0,0.0,0.0,0.0,0.0,-1.663148065305948,0.0,0.0,-1.6297529166848828,0.0,0.0,0.0,0.0,0.0,0.0,0.0,0.0,0.0,0.0,0.0,0.0,0.0,0.0,0.0,0.0,0.0,0.0,1.937659236018446,0.0,0.9276321163126379,0.0,0.0,0.0,5,0,3.7044289526879117,1.554683378345584
1,0.02107127479469193,0.0,0.0,0.0,0.0,0.0,0.0,0.0,0.0,-2.43801950672424,0.0,0.0,0.0,0.0,0.0,0.0,0.0,0.0,0.0,0.0,0.0,0.0,0.0,-1.733295402868456,0.0,0.0,-1.7183618973312729,0.0,0.0,0.0,0.0,0.0,0.0,0.0,0.0,0.0,0.0,0.0,0.0,0.0,0.0,0.0,0.0,0.0,0.0,1.908339337205224,0.0,0.848534889618965,0.0,0.0,0.0,5,1,3.6455419232727015,2.0618218165443882
2,0.02018818560794634,0.0,0.0,0.0,0.0,0.0,0.0,0.0,0.0,-2.399737283385449,0.0,0.0,0.0,0.0,0.0,0.0,0.0,0.0,0.0,0.0,0.0,0.0,0.0,-1.677728657485109,0.0,0.0,-1.6360189424394909,0.0,0.0,0.0,0.0,0.0,0.0,0.0,0.0,0.0,0.0,0.0,0.0,0.0,0.0,0.0,0.0,0.0,0.0,1.875831014561869,0.0,0.8493690704715833,0.0,0.0,0.0,5,2,3.3907500390244523,4.344182908963783
3,0.020880775384172604,0.0,0.0,0.0,0.0,0.0,0.0,0.0,0.0,-2.4531609932488143,0.0,0.0,0.0,0.0,0.0,0.0,0.0,0.0,0.0,0.0,0.0,0.0,0.0,-1.7682531294633994,0.0,0.0,-1.6961410425480261,0.0,0.0,0.0,0.0,0.0,0.0,0.0,0.0,0.0,0.0,0.0,0.0,0.0,0.0,0.0,0.0,0.0,0.0,2.0064102232116485,0.0,0.9570699153797988,0.0,0.0,0.0,5,3,3.385170050297699,4.551452410267119
4,0.02124928556252688,0.0,0.0,0.0,0.0,0.0,0.0,0.0,0.0,-2.4188769892529,0.0,0.0,0.0,0.0,0.0,0.0,0.0,0.0,0.0,0.0,0.0,0.0,0.0,-1.722142616448873,0.0,0.0,-1.7415675878670456,0.0,0.0,0.0,0.0,0.0,0.0,0.0,0.0,0.0,0.0,0.0,0.0,0.0,0.0,0.0,0.0,0.0,0.0,1.8929972919372393,0.0,0.8866273639074354,0.0,0.0,0.0,5,4,3.492374239329357,3.4386400384766684
5,0.020971578945329063,0.0,0.0,0.0,0.0,0.0,0.0,0.0,0.0,-2.4288381024013574,0.0,0.0,0.0,0.0,0.0,0.0,0.0,0.0,0.0,0.0,0.0,0.0,0.0,-1.7560447044729603,0.0,0.0,-1.6661730618124884,0.0,0.0,0.0,0.0,0.0,0.0,0.0,0.0,0.0,0.0,0.0,0.0,0.0,0.0,0.0,0.0,0.0,0.0,1.9436753042311017,0.0,0.8582238948170785,0.0,0.0,0.0,5,5,3.3489466275627295,4.736394573490361
6,0.02024734654501547,0.0,0.0,0.0,0.0,0.0,0.0,0.0,0.0,-2.432996027883478,0.0,0.0,0.0,0.0,0.0,0.0,0.0,0.0,0.0,0.0,0.0,0.0,0.0,-1.7100333197638327,0.0,0.0,-1.6671209092686508,0.0,0.0,0.0,0.0,0.0,0.0,0.0,0.0,0.0,0.0,0.0,0.0,0.0,0.0,0.0,0.0,0.0,0.0,1.9312418736463357,0.0,0.8016613469634598,0.0,0.0,0.0,5,6,3.5565258427919537,2.897137788860231
7,0.021779805320613264,0.0,0.0,0.0,0.0,0.0,0.0,0.0,0.0,-2.490419066314313,0.0,0.0,0.0,0.0,0.0,0.0,0.0,0.0,0.0,0.0,0.0,0.0,0.0,-1.7027366482787325,0.0,0.0,-1.6262051218352704,0.0,0.0,0.0,0.0,0.0,0.0,0.0,0.0,0.0,0.0,0.0,0.0,0.0,0.0,0.0,0.0,0.0,0.0,1.8541832750248795,0.0,0.9258876716499397,0.0,0.0,0.0,5,7,3.3542695103663696,4.769152823927311
8,0.021362587242564082,0.0,0.0,0.0,0.0,0.0,0.0,0.0,0.0,-2.4074221990447664,0.0,0.0,0.0,0.0,0.0,0.0,0.0,0.0,0.0,0.0,0.0,0.0,0.0,-1.749294013788029,0.0,0.0,-1.7175040261538397,0.0,0.0,0.0,0.0,0.0,0.0,0.0,0.0,0.0,0.0,0.0,0.0,0.0,0.0,0.0,0.0,0.0,0.0,1.9107331003953831,0.0,0.8496012457988781,0.0,0.0,0.0,5,8,3.3334585301224435,4.8843555064282835
9,0.020418618944711982,0.0,0.0,0.0,0.0,0.0,0.0,0.0,0.0,-2.402081201653891,0.0,0.0,0.0,0.0,0.0,0.0,0.0,0.0,0.0,0.0,0.0,0.0,0.0,-1.5844818755735879,0.0,0.0,-1.6360734984211898,0.0,0.0,0.0,0.0,0.0,0.0,0.0,0.0,0.0,0.0,0.0,0.0,0.0,0.0,0.0,0.0,0.0,0.0,1.8390323030228144,0.0,0.8194398765648303,0.0,0.0,0.0,5,9,3.3368383429947164,4.921127257533307
10,0.0200521491586759,0.0,0.0,0.0,0.0,0.0,0.0,0.0,0.0,-2.4235568477375393,0.0,0.0,0.0,0.0,0.0,-0.5612154153049551,0.0,0.0,0.0,0.0,0.0,0.0,0.0,-1.5302842365820128,0.8768171074079764,0.0,-1.3193978399066322,0.0,0.0,0.0,0.0,0.0,0.0,0.0,0.517747343863948,0.0,0.0,0.0,0.0,0.0,0.0,0.0,0.0,0.0,0.3368612059185187,1.8617143885890346,-0.2498143055532865,0.9128022781148961,0.0,0.0,0.0,10,0,2.4708180459693256,2.1964815896156016
11,0.01858866383423924,0.0,0.0,0.0,0.0,0.0,0.29490464041491615,0.0,0.0,-2.216294663771891,0.0,0.0,0.0,0.0,0.0,-0.5436470421172377,0.0,0.0,0.0,0.0,0.0,0.28706948064533966,0.0,-1.6366026595250303,1.0685603384320352,0.0,-1.3789029816576746,0.0,0.0,0.0,0.0,0.0,0.0,0.0,0.5400436361758801,0.0,0.0,0.0,0.0,0.0,0.0,0.0,0.0,0.0,0.0,1.8353099009014586,0.0,0.8821136062298326,0.0,0.0,0.0,10,1,2.3969735748223724,2.675185629811564
12,0.019031421376234706,0.0,0.0,0.0,0.0,0.0,0.2598021036677767,0.0,0.0,-2.28087610654442,0.0,0.0,0.0,0.0,0.0,-0.571192794619097,0.0,0.0,0.0,0.0,0.0,0.0,0.0,-1.5270996165570805,0.8691892142677754,0.0,-1.4114121196473377,0.0,0.0,0.0,0.0,0.0,0.0,0.0,0.5455043344489495,0.0,0.0,0.0,0.0,0.0,0.0,0.0,0.0,0.0,0.2901685830821031,1.7845398632700402,0.0,0.9365082177121589,0.0,0.0,0.0,10,2,2.32849961105186,3.4060670118102974
13,0.01888052586731938,0.0,0.0,0.0,0.0,0.0,0.0,0.0,0.0,-2.325973642868119,0.0,0.0,0.0,0.0,0.0,-0.5574714202863597,-0.1860791811299906,0.0,0.0,0.0,0.0,0.0,0.0,-1.6216628680147223,0.8451184881359067,0.0,-1.3291384438702967,0.0,0.0,0.0,0.0,0.0,0.0,0.0,0.3835599079840492,0.0,0.0,0.0,0.0,0.0,0.0,0.0,0.0,0.0,0.0,1.8040047208013,0.0,0.9290952875724658,-0.2811546181941018,0.0,0.0,10,3,2.346118442563388,2.8900967565413858
14,0.01963282185029972,0.0,0.0,0.0,0.0,0.0,0.0,0.0,0.0,-2.2472501758886514,0.0,0.0,0.0,0.0,0.0,-0.4293187474127684,0.0,0.0,0.0,0.0,0.0,0.0,-0.40024237828404613,-1.5703900060165048,0.8640082438868801,0.0,-1.5172971310640864,0.0,0.0,0.0,0.0,0.0,0.0,0.0,0.32755654922708655,0.0,0.0,0.0,0.0,-0.4054677371603249,0.0,0.0,0.0,0.0,0.0,1.6464444137861949,0.0,0.8899555993629403,0.0,0.0,0.0,10,4,2.265248947738158,3.876993870377209
15,0.01958995858933497,0.0,0.0,0.0,0.0,0.0,0.0,0.0,0.0,-2.340496352767445,0.0,0.0,0.0,0.0,0.0,-0.596284123051709,-0.17214478389999538,0.0,0.0,0.0,0.0,0.0,0.0,-1.58994374677124,0.8208054794366527,0.0,-1.341428812496035,0.0,0.0,0.0,0.0,0.0,0.0,0.0,0.45136645560212235,0.0,0.0,0.0,0.0,0.0,0.0,0.0,0.0,0.0,0.0,1.8211883369402129,0.0,0.9188437257446497,-0.27011322009622013,0.0,0.0,10,5,2.2763054595003998,3.586212636780405
16,0.018599082528312706,0.0,0.0,0.0,0.0,0.0,0.0,0.0,0.0,-2.344866910335488,0.0,0.0,0.0,0.0,0.0,-0.504608766151374,0.0,0.0,0.0,0.0,0.0,0.0,0.0,-1.5660302192691793,0.8952380842233647,0.0,-1.3422878393155402,0.0,0.0,0.0,0.0,0.0,0.0,0.0,0.5861199520209466,0.0,0.0,0.0,0.0,0.0,0.0,0.0,0.0,0.0,0.3155830561533341,1.850778925184715,-0.2464827877682177,0.80895509815302,0.0,0.0,0.0,10,6,2.350029703408719,3.2563465429958685
17,0.020257406094759806,0.0,0.0,0.0,0.0,0.0,0.0,0.0,0.0,-2.354623340840358,0.0,0.0,0.0,0.0,0.0,-0.46487811767350756,-0.22072196878330613,0.0,0.0,0.0,0.0,0.0,0.0,-1.5845735449462437,0.7978953648546849,0.0,-1.2758160605580664,0.0,0.0,0.0,0.0,0.0,0.0,0.0,0.344469964426742,0.0,0.0,0.0,0.0,0.0,0.0,0.0,0.0,0.0,0.0,1.7390243461587636,0.0,0.9036520414039365,-0.30363767004881503,0.0,0.0,10,7,2.44370086220452,2.109786400294604
18,0.02028420320596963,0.0,0.0,0.0,0.0,0.0,0.2804859583730141,0.0,0.0,-2.2587510945547384,0.0,0.0,0.0,0.0,0.0,-0.4742657256199455,0.0,0.0,0.0,0.0,0.0,0.0,0.0,-1.6438315715289809,0.9389411445240898,0.0,-1.4871333833402702,0.0,0.0,0.0,0.0,0.0,0.0,0.0,0.5331158859134812,0.0,0.0,0.0,0.0,0.0,0.0,0.0,0.0,0.0,0.0,1.809447277218301,0.0,0.9338500255240582,-0.29530797510877216,0.0,0.0,10,8,2.3140296880591227,3.4291200445064556
19,0.019202350664755636,0.0,0.0,0.22850052647682234,0.0,0.0,0.0,0.0,0.0,-2.298477475597941,0.0,0.0,0.0,0.0,0.0,-0.5332670051901846,0.0,0.0,0.0,0.0,0.0,0.0,0.0,-1.5544557054241455,0.9402849870262298,0.0,-1.350213934782972,0.0,0.0,0.0,0.0,0.0,0.0,0.0,0.48667393332917663,0.0,0.0,0.0,0.0,0.0,0.0,0.0,0.0,0.0,0.0,1.7703086144649498,-0.22723713853815009,0.7324023540139395,0.0,0.0,0.0,10,9,2.179566909736722,4.941602775607544
20,0.02020602855817914,0.0,0.0,0.0,0.0,-0.18552105794027218,0.0,0.0,0.0,-2.348134085883462,0.0,0.0,0.0,0.0,0.0,-0.37295912274706144,-0.21519724744864668,0.0,0.0,0.0,0.0,0.0,-0.18572541970128614,-1.4021728585317972,0.798479943973088,0.0,-1.3543922540647175,0.0,0.0,0.0,0.23790219697967468,0.0,0.0,0.0,0.459191509823151,0.0,0.0,0.0,0.0,-0.4390849056154295,0.0,0.0,0.0,0.0,0.24783667988976701,1.7365948809231486,-0.271228987848187,0.9364606852793307,0.0,0.0,0.0,15,0,2.3379977506996754,2.1799699022222137
21,0.019288897170522706,0.0,0.0,0.0,0.0,0.0,0.0,0.0,0.0,-2.366479643630581,0.0,0.0,0.0,0.0,0.0,-0.44726615726531926,-0.1676104822964169,0.0,0.0,0.0,0.0,0.0,-0.289041611126594,-1.4945908149304183,0.9121777725973909,0.0,-1.4630841785714177,0.0,0.0,0.0,0.40348996028457534,0.0,0.0,0.0,0.4794501771121325,-0.20481214893063618,0.0,0.0,0.0,-0.4533408566030415,0.22617831507408473,0.0,0.0,0.0,0.0,1.666595488938994,0.0,0.9947524516982084,-0.2813424122508472,0.0,0.0,15,1,2.2583054572809287,2.6164147093718366
22,0.019334177599390556,0.0,-0.28381866709823095,0.0,0.0,0.0,0.3251869304100411,0.0,0.0,-2.2555694714347116,0.0,0.0,0.0,0.0,0.0,-0.6320916378374548,-0.17168870244805953,0.0,0.0,0.0,0.0,0.0,0.0,-1.3907810577944368,0.9060620415659467,0.0,-1.2663450196963169,0.0,0.0,0.0,0.0,-0.20360826713442148,0.0,0.0,0.5705753597422722,0.0,0.0,0.0,0.0,-0.24406874268047649,0.0,0.0,0.0,0.0,0.36203735334859943,1.6572414751246478,0.0,0.9798456649953181,-0.314742745099369,0.0,0.0,15,2,2.1828447207720134,3.3951111240470784
23,0.018848231561031808,0.0,-0.3056733329607694,0.0,0.0,0.0,0.0,0.0,0.0,-2.3451557788943678,0.0,-0.2907590715078366,0.0,0.0,0.0,-0.672385876207627,-0.308182375141295,0.0,0.0,0.0,0.0,0.0,0.0,-1.5038079965184137,0.7385221776112303,0.0,-1.2300363784105073,0.0,0.0,0.0,0.0,0.0,0.189390525132271,0.0,0.4334598195896212,0.0,0.0,0.0,0.0,-0.28088969914004125,0.0,0.0,0.0,0.0,0.21873306324797423,1.6894861420047127,0.0,1.0066943001659638,-0.24763759558150916,0.0,0.0,15,3,2.193748099454315,3.827784106817171
24,0.018785679353771907,0.0,0.0,0.0,0.0,0.0,0.0,0.0,0.0,-2.267875974260031,0.0,0.0,0.0,0.0,0.0,-0.33700260616011934,-0.24464752631257877,0.0,0.0,-0.277726794106674,0.0,0.0,-0.25812893800021636,-1.5853784356975924,0.8311286361750962,-0.23043011360300417,-1.4768881925176993,0.0,0.0,0.0,0.0,0.0,0.0,0.0,0.40592796502300765,0.0,0.0,0.0,0.0,-0.3569285829985301,0.0,0.0,0.0,0.0,0.21384098358873982,1.557009140467695,0.0,1.0210627044884242,-0.3042450754546573,0.0,0.0,15,4,2.0881477164587987,4.585443592535471
25,0.018642934852397423,0.0,0.0,0.0,0.16494797310081008,0.0,0.0,0.0,0.0,-2.3737639165674196,0.0,-0.26102016512846365,0.0,0.0,0.0,-0.6953798747247336,0.0,0.0,0.0,-0.3767563918123301,0.0,0.2583891969245864,0.0,-1.556771855258461,0.8880012827703851,0.0,-1.3010342448439367,0.0,0.0,0.0,0.0,0.0,0.0,0.0,0.4441448821647395,0.0,0.0,0.0,0.0,0.0,0.0,0.3254692661659443,0.0,0.0,0.24657655610788942,1.863395784512925,0.0,1.0116327035319155,-0.25524598567983103,0.0,0.0,15,5,2.1497332842698476,4.18246894575379
26,0.019166964679631308,0.0,0.0,0.29079492749203806,0.0,0.0,0.0,0.0,0.0,-2.4168844751156406,0.0,0.0,0.0,0.0,0.0,-0.37067209356664704,0.0,0.0,0.0,0.0,0.0,0.0,0.0,-1.5495952461711187,1.0099024849229992,0.0,-1.3365032321022705,0.0,0.0,0.0,0.28823970123660947,0.0,0.0,0.0,0.7276744737803009,0.0,0.0,0.0,0.0,-0.3126709623801389,0.24251433253985155,0.0,0.0,0.0,0.3787281611815158,1.7977707190280077,-0.338803023012696,0.7899028334753809,0.0,0.192494571088703,0.0,15,6,2.1948256401946895,3.8305858596754616
27,0.01988198030391252,0.0,0.0,0.0,0.0,0.0,0.31930975520580573,0.0,0.0,-2.290513015521666,0.0,0.0,0.0,0.27385489318719297,0.0,0.0,-0.25562497301044457,0.0,0.0,0.0,0.0,0.0,0.0,-1.6605306065033156,0.8198615954032537,0.0,-1.4643215507558716,0.0,0.0,0.0,0.0,0.0,0.0,-0.2584473768902519,0.5210980579954542,0.0,0.0,0.3728122957848824,0.0,-0.5771579606533126,0.0,-0.22311718613119844,0.0,0.0,0.0,1.7493842839019602,-0.3622031163464602,0.9710896083497534,0.0,0.0,0.0,15,7,2.293870240662149,2.6395816025293506
28,0.01970170613661041,0.0,0.0,0.0,0.28227586688448036,0.0,0.3707976792366105,0.0,0.0,-2.2774129981341558,0.0,0.0,0.0,0.2544458870482342,0.0,-0.3945048481135005,0.0,0.0,0.0,0.0,0.0,0.0,0.0,-1.6710873592702533,0.9331319444490536,0.0,-1.5909604302816036,0.0,0.0,0.0,0.0,0.0,0.0,0.0,0.6552511691201699,0.0,0.0,0.2531607199234405,0.0,0.0,0.0,0.0,0.0,0.0,0.20344178572833455,1.9371016187476056,-0.15546425089407986,1.0070632953072827,-0.314021566197827,0.0,0.0,15,8,2.191051107265614,3.410562239295894
29,0.01949335887934128,0.0,0.0,0.24246186843419654,0.0,0.0,0.0,0.0,0.0,-2.2992528673077537,-0.2919062840435751,0.0,0.0,0.0,0.0,-0.5084176283248594,0.0,0.0,0.0,-0.3071137110518531,0.0,0.0,0.0,-1.602929183121311,1.0239838146707545,0.0,-1.2960590934001255,0.0,0.0,0.0,0.3054475744193621,0.0,0.0,-0.21362581927272548,0.43777256956076505,0.0,0.0,0.0,0.0,0.0,0.0,0.0,0.0,0.0,0.2343619776950575,1.6795814588569729,0.0,0.8896618956667776,-0.45615901912895856,0.0,0.0,15,9,2.026290825051995,5.484889609858948
30,0.020477343453294616,0.0,0.0,0.0,0.0,-0.19036813978591552,0.0,0.0,0.0,-2.4765701868847603,0.0,0.0,0.0,0.0,0.0,-0.4245618958813292,-0.18906452459973078,0.0,0.0,-0.14021443149333565,0.0,0.0,-0.19531929256795155,-1.419501960479564,0.860713037922699,0.0,-1.3155024464240972,0.0,0.0,0.0,0.4262644434076127,0.0,0.0,0.0,0.5788692442483413,-0.22486549540136982,0.1305304410284459,0.0,0.0,-0.40040275911705125,0.162536767191009,0.0,0.0,0.0,0.32137647396034813,1.7513107655003937,-0.13651004646695217,1.0627387376438715,-0.3062789485022113,0.0,0.0,20,0,2.271688837837521,1.9984697391990742
31,0.01907695374355219,0.0,0.0,0.0,0.0,0.0,0.0,0.1923618236791626,0.0,-2.587294808239098,0.0,0.0,0.0,0.0,0.0,-0.5656038457513008,0.0,-0.2498507991099791,0.0,-0.25877244666058385,0.0,0.0,-0.24695515546006092,-1.4855722460734804,1.017112637401001,0.0,-1.3614544609437877,0.0,0.0,0.0,0.5146539957587284,-0.2513351694004578,0.0,0.0,0.6845467577803038,-0.457891627969712,0.1958163462308471,0.0,0.0,-0.43645990979440175,0.24485019629950475,0.0,0.0,0.0,0.36173446737298626,1.72959601660204,0.0,1.0529849470814554,-0.4167165295399633,0.0,0.0,20,1,2.166512416796585,3.093858201884166
32,0.019153241579766216,0.0,0.0,0.29815348683867,0.0,0.0,0.35540548287873,0.0,0.18194435251080093,-2.2128582811502575,0.0,0.0,-0.23927272983854253,0.0,0.17884744974279446,-0.3997225572470775,0.0,0.0,0.0,0.0,0.0,0.0,0.0,-1.403341140453493,1.0734619815619326,-0.21379649680750323,-1.4858021761672304,0.0,0.0,0.0,0.0,-0.20007027310182765,0.0,0.0,0.8202372920611575,0.0,0.0,0.0,0.0,-0.4361695592594451,0.0,0.0,0.32533197489483856,-0.24195872855163067,0.40636520202723897,1.638284811028141,-0.4753650755439111,0.7866457130626672,0.0,0.0,0.0,20,2,2.1071530003159245,3.596349104221736
33,0.018699955760256796,0.0,-0.28735974992644653,0.0,0.0,-0.21042449604297156,0.0,0.0,0.0,-2.546270069608945,0.0,-0.3379962139662807,0.0,0.0,0.0,-0.5577708783089338,-0.24484228899413837,-0.23471829284716,0.0,-0.2508487598014074,0.0,0.0,0.0,-1.5331095032128381,0.735765682600136,0.0,-1.1946836818488995,0.0,0.0,0.0,0.31593772667185094,0.0,0.0,0.0,0.6436383195249361,-0.381533387931888,0.22129401840366314,0.0,0.0,-0.3896949310404626,0.0,0.0,0.0,0.0,0.38332111739052,1.8250302269724916,0.0,1.1511286023936997,-0.37927011021644497,0.0,0.0,20,3,2.0983155093707118,3.8971561377935715
34,0.018248317841268374,0.0,0.0,0.0,0.19315699927084715,0.0,0.2439003534540334,0.0,0.0,-2.2482627160947466,0.0,-0.1743096057771942,0.0,0.20567944913574407,0.19157566981207697,-0.36401023290478923,-0.20878580804318686,0.0,0.0,-0.26480272498285123,0.0,0.0,-0.2152022824086932,-1.5805877838196054,0.8716232574622621,-0.2783850310812592,-1.6742764371001337,0.0,0.0,0.0,0.0,0.0,0.0,0.0,0.5850610333690919,0.0,0.0,0.0,0.0,-0.31852955652036874,0.0,0.0,0.0,0.0,0.25854539740223276,1.5551684276583129,0.0,1.1321321641077329,-0.41020903321070723,0.0,0.0,20,4,1.9973883230839582,4.983314453182306
35,0.01840111302735151,0.0,0.0,0.0,0.23729233829931617,0.0,0.3276742623408574,0.0,0.26904852226849785,-2.402642787541997,0.0,-0.2700157783329783,-0.220341659259479,0.0,0.0,-0.4900227972475902,0.0,0.0,0.2254618317715156,-0.2098255680663809,0.0,0.3326488627346297,0.0,-1.5836114447747454,1.0136875034425334,0.0,-1.4680068888893014,0.0,0.0,0.0,0.0,0.0,0.0,0.0,0.853120399137416,-0.27199817857855263,0.21322438660745371,0.0,0.0,-0.2402768237786203,0.0,0.0,0.0,0.0,0.27965320787719344,1.9475303994826643,0.0,1.1374099677974179,0.0,0.0,0.0,20,5,2.0795802285622025,3.9592162859437328
36,0.018484201418179892,0.0,0.0,0.0,0.1823327411559072,0.0,0.0,0.21703411571709988,0.13119632677535,-2.627358268350703,0.0,0.0,0.0,0.0,0.0,-0.4532453126414816,0.0,0.0,0.0,-0.2289579326265965,0.0,0.0,-0.28879015966001337,-1.5186166023332477,0.966971148809508,0.0,-1.4589298870841527,0.0,0.0,0.0,0.6206524672918021,0.0,0.0,0.0,0.8172999128243947,-0.5128235490947555,0.22176855319626507,0.0,0.0,-0.33371514071977093,0.19590464770811755,0.0,0.0,0.0,0.4643296946902819,1.8449805646820308,0.0,1.1137608022435816,-0.357087755853104,0.0,0.0,20,6,2.1244254728940724,3.4694386764350327
37,0.020148190385022118,0.0,0.0,0.301993681792007,0.10132176307003289,0.0,0.355092218691601,0.0,0.17382319702673493,-2.3068539910426398,0.0,0.0,-0.2864649423504093,0.0,0.0,-0.2519666318368794,0.0,0.0,0.0,0.0,0.0,0.0,0.0,-1.5123620034262648,1.0572999666594556,0.0,-1.3399056909471252,0.0,0.0,0.0,0.0,-0.2597047820176723,0.0,0.0,0.6566305540237283,0.0,0.0,0.2937866715201844,0.0,-0.42935240673227343,0.0,0.0,0.25227320679728266,-0.26867084130271635,0.30199855594164116,1.789625679837204,-0.5240740764383498,0.8295008508329272,0.0,0.0,0.0,20,7,2.21786887268554,2.6629070885704498
38,0.019733844350462992,0.0,0.0,0.0,0.21592016904549732,0.0,0.0,0.23113536265070425,0.0,-2.5865120525074836,0.0,0.0,0.0,0.0,0.0,-0.43249183954756704,0.0,0.0,0.0,-0.18403213361103832,0.0,0.0,-0.2585586741146665,-1.555193554628051,0.9088488497852832,0.0,-1.5173279369675077,0.0,0.0,0.0,0.5410615487585806,0.0,0.1399287460939528,0.0,0.7175968847056726,-0.42865599710880053,0.25064336672816695,0.0,0.0,-0.39715814119132153,0.22218937707984815,0.0,0.0,0.0,0.3353599221068107,1.8185192769925116,0.0,1.101612543541449,-0.386548935105607,0.0,0.0,20,8,2.1180838892342013,3.2954534383957745
39,0.01898517596683122,0.0,0.0,0.3847702794314129,0.0,0.0,0.0,0.0,0.0,-2.364828787473645,0.0,0.0,-0.3135213648938749,0.0,0.0,-0.3979384647130815,0.0,0.0,0.0,0.0,0.0,-0.18272664619008788,0.0,-1.353560985514217,0.9036314199704453,0.0,-1.3797582046999541,0.0,0.0,0.0,0.4482834753456058,0.0,0.17412439220351333,-0.24960464848098074,0.7224905466720649,-0.2400653475243932,0.0,0.0,0.0,-0.43643285471802523,0.0,0.0,0.31996722925880083,0.0,0.268664746538854,1.6999220216364357,-0.3175283947827342,0.7759112803912959,-0.1723589685787491,0.0,0.0,20,9,1.9424640626548393,6.062161411125443
40,0.020408574653777923,0.0,0.0,0.0,0.11878253326240562,-0.19384695494739607,0.0,0.163171043295676,0.0,-2.539379311485751,0.0,0.0,0.0,0.0,0.0,-0.47263579162318237,-0.09676020948666608,0.0,0.0,-0.18920935251359497,0.0,0.0,-0.2128252879987786,-1.3833905194126723,0.9520482267805491,0.0,-1.3217307690230249,0.2018162321434212,0.0,0.0,0.5748840488273383,0.0,0.0,0.0,0.6956135316420452,-0.3854676563844486,0.27001137720022855,0.0,0.0,-0.35320883693775595,0.19543783791776548,0.22188881391124668,0.2053790462474185,0.0,0.46936828626906923,1.795896172604751,-0.18243819277963796,1.0700521362104702,-0.4227323872752779,0.0,0.0,25,0,2.232879368351443,1.7757395688735853
41,0.018849554997947257,0.0,0.0,0.19078273343581448,0.14084697837243304,0.0,0.0,0.17848162936795278,0.0,-2.6120957968555074,0.0,-0.22088481687873324,-0.12077315928919287,0.0,0.0,-0.6512578937201393,0.0,-0.42220928825476983,0.0,-0.2987832321802161,0.22715495842838357,0.0,-0.18594381769793536,-1.3896133602266645,1.0125209799732888,0.0,-1.2984878630568748,0.0,0.0,0.0,0.47384865927122294,-0.4296776183922733,0.0,0.0,0.8526555923212815,-0.4930802446005043,0.22484483179479445,0.0,0.0,-0.5231388532808677,0.12783159727432544,0.0,0.0,0.0,0.37815944278894414,1.7522778668015386,0.0,0.94344265274004,-0.4134311449100042,0.0,0.0,25,1,2.1098909507113057,2.9455628749533433
42,0.019230659506148627,0.25044948248626325,0.0,0.0,0.10653418241497832,0.0,0.0,0.44195766342984616,0.0,-2.5740748158524127,0.0,0.0,0.0,0.0,0.0,-0.5154157906873419,0.0,0.0,0.0,-0.38024361483717367,0.0,0.0,-0.35017349096123424,-1.380284510193814,0.9304652497010798,0.0,-1.447669809060738,0.30397715691325183,0.0,0.0,0.6537548065316834,0.0,0.0,0.0,0.8798826381620041,-0.5765127205584425,0.3410946137560758,-0.39958312134452245,0.0,-0.5496646808496406,0.25933307178923076,0.20556386116741462,0.3074388411237475,0.0,0.5243286816679665,1.5694595661721806,0.0,1.0906547745587933,-0.5250350462468563,-0.16946230790620445,0.0,25,2,2.061305085785417,3.4945548516420035
43,0.01861071689386252,0.0,-0.2146988885963456,0.0,0.0,-0.21089022699431764,0.0,0.17487612382626544,0.0,-2.594147842669164,0.0,-0.4282361582277464,-0.13601337567323782,0.0,0.0,-0.608702527423523,-0.14987622979853857,-0.3001637207358923,0.0,-0.2470741615741533,0.22812334714267282,0.0,-0.1684128767554767,-1.351406912616516,0.7070746545557611,0.0,-1.252905760943069,0.0,0.0,0.0,0.3876655485789699,-0.2668975632672418,0.0,0.0,0.729370895318589,-0.5491973748619173,0.298109738366047,0.0,0.0,-0.5981695437436586,0.0,0.0,0.0,0.0,0.40436991176029013,1.8211012287419048,0.0,1.1222768597710218,-0.3711668536473809,0.0,0.0,25,3,2.051317592385264,3.773697535129795
44,0.018511849179732906,0.0,0.0,0.0,0.2859081860873557,0.09127330652895883,0.35766494324948583,0.0,0.16480933376552787,-2.2316324700725834,0.0,0.0,0.0,0.0,0.25257320903938746,-0.29244198441279606,-0.10845259370204542,0.0,0.0,0.0,0.0,0.0,-0.2701418241765446,-1.5676742589752413,1.0792509436419861,-0.3446868489291841,-1.6496687657514595,0.28910164649889175,0.0,0.19402327308556175,0.2837097154442601,0.0,0.0,0.0,0.855729325381349,-0.22160187422658337,0.22918570604281957,0.0,0.0,-0.32188339960441337,0.0,0.0,0.1787721050481467,0.0,0.2945340378605969,1.5799863673332202,0.0,1.058678712410015,-0.4056541052835212,0.0,0.0,25,4,1.9550145024400343,5.109910316998447
45,0.01848762619940149,0.0,0.0,0.0,0.23913842694527748,0.0,0.0,0.25887138513882435,0.2687602010341351,-2.415532553739403,0.0,-0.31643333836952453,-0.2264651583574232,0.0,0.0,-0.5656150496186135,0.0,0.0,0.3483266260548903,0.0,0.4743373485856151,0.2699685898285375,-0.2617114075356876,-1.3789280255444898,0.8794577971700791,0.0,-1.4509895736955527,0.0,0.0,0.2746675283958568,0.0,-0.33460251697563853,0.18725660060453572,0.0,0.8488327390849956,-0.3540110879142378,0.2970892085761451,0.0,0.0,-0.4312971135165772,0.0,-0.22305367367271445,0.0,0.0,0.13994498266306468,1.8550638104747548,0.0,0.9788747298674881,0.0,0.0,0.0,25,5,2.029173617002683,4.287023142966063
46,0.01816053341340434,0.0,0.0,0.12685050339179973,0.1757577509634187,0.0,0.0,0.2653091307954874,0.20690542718170163,-2.55814172092974,0.0,-0.1641965376844462,0.0,0.0,0.0,-0.5265136290482082,0.0,0.0,0.0,0.0,0.0,0.0,-0.22507824224824163,-1.3916496450297196,1.077870218805644,0.0,-1.3378710053328218,0.22810780474322237,0.0,0.0,0.4804020535072532,-0.178577794475767,0.0,0.0,0.9667235290326552,-0.49724519731075956,0.3505018520738244,0.0,0.2797677714880329,-0.3320898661426019,0.24887178679398494,0.0,0.0,0.0,0.507583104443941,1.8235367102100608,-0.26452134682039247,0.8727787161128837,-0.23226344879635324,0.0,0.0,25,6,2.0644214885541725,4.066838276376045
47,0.02018827149505047,0.0,0.0,0.0,0.2082264835780176,0.0,0.3932025595655568,0.15426160502207698,0.2620011493354792,-2.372580383858766,0.0,0.0,-0.28140684137755734,0.0,0.0,-0.2437934545788455,0.0,0.0,0.0,0.0,0.0,0.0,-0.3220169010472684,-1.4146683103735902,0.9584101259511456,0.0,-1.5427900456798207,0.35465455548717834,0.0,0.0,0.41125177450667905,0.0,0.0,0.0,0.9225979701935589,-0.45209036998027297,0.36633732443357003,0.0,0.0,-0.532905859887035,0.0,0.0,0.33304534169313554,0.0,0.3393351020082134,1.701943036018542,-0.19505858881764626,1.1157906194147227,-0.22544804755119024,-0.15196565197654838,-0.16980829060371327,25,7,2.172142179839013,2.7625001497952155
48,0.01925877690559292,0.0,0.0,0.0,0.24167721696103414,0.0,0.0,0.3104395302043693,0.0,-2.667273898035625,0.22436045570867638,-0.24009427812449388,0.0,0.23765701263301933,0.0,-0.5376772947041731,0.0,0.0,0.0,-0.18854816593760576,0.2412981257861814,0.0,-0.32418933214694057,-1.3401167126544882,0.7833728432154407,0.0,-1.5349673030379005,0.0,0.0,0.0,0.43217214680755656,-0.23872365097413875,0.22853093587945641,0.0,0.8738840802206101,-0.5558483804782922,0.27535598851852033,0.0,0.0,-0.5312493803399171,0.22299711976039707,0.0,0.0,0.0,0.2840924017725723,1.785654396208885,0.0,1.1320882333968207,-0.390606915856915,0.0,0.0,25,8,2.0580690464618723,3.690492836677265
49,0.019245494132953563,0.0,0.0,0.2773444216112319,0.0,-0.15378144997217302,0.0,0.0,0.0,-2.4025913166198403,-0.2170992947398604,0.0,-0.23601143262833538,0.0,0.0,-0.3657826813747178,0.0,-0.23029037383564863,0.0,-0.18718786768464032,0.0,-0.3034250015879042,0.0,-1.4525801893249624,0.863479887480523,0.0,-1.468042377724828,0.0,0.0,0.0,0.6190847321818238,0.0,0.0,-0.27491375809995783,0.6863759838175482,-0.325999820598865,0.08967093860406328,0.0,0.0,-0.36377068009638147,0.0,0.0,0.22722477644823824,0.2354935160902362,0.3805740004603,1.7285021917911723,-0.2606056501956491,0.8848892864446609,-0.39567498224759107,0.0,0.0,25,9,1.893190619689463,6.23002989654784
50,0.020141154837745926,-0.26568776897070945,0.0,0.0,0.3394233615587607,-0.19189078683183763,0.0,0.23380997179761753,0.0,-2.6736705283541955,0.0,-0.4287433879680975,-0.16253189843141203,0.405563484808568,0.0,-0.5568729520017779,-0.18398038907835565,0.0,0.41644571877062425,0.0,0.42036741913359854,0.26105266206293926,-0.3052451793206637,-1.2456060570718206,0.7103843185808589,0.0,-1.4315677076089113,0.0,-0.4772546577260042,0.0,0.0,0.0,0.26563864414002053,0.0,0.8166736391552119,-0.35147254494574814,0.14141384471281973,0.0,0.0,-0.5464778763145336,0.0,-0.4423708525691985,0.0,-0.19193307801782836,0.28867468714874045,1.9145018155562632,0.0,1.295496015875541,0.0,0.3256003023703686,0.2541599188475931,30,0,2.203671536316894,2.306341526278391
51,0.01850901160934932,0.0,0.0,0.5110614736246498,0.41614255830221963,0.0,0.0,0.2711245538072211,0.0,-2.6713547019404964,0.0,-0.27148051064300466,-0.26901124181742814,0.1798951481464754,0.15698789761136406,-0.6886111986560647,0.0,-0.2361389281200983,0.3365113453547879,0.0,0.6263419416818681,0.4215112849993572,0.0,-1.4724036965107745,1.1382974684650207,0.0,-1.1212903075111589,0.0,-0.40517231830359324,0.21405706032171284,0.0,-0.4453042763689417,0.3593787727236243,0.0,1.2026642360091864,-0.35617759944982996,0.14375148524047926,0.0,0.0,-0.6612101703298522,0.0,-0.41374346032184317,0.0,-0.32993265882840994,0.21511578384426877,1.932648908014799,0.0,0.8374631600936211,0.0,0.2650329900894283,0.0,30,1,2.080750421036169,3.127407216968473
52,0.019455514049730258,0.0,0.0,0.0,0.0,-0.09169716663246012,0.0,0.2893073993678515,0.0,-2.4553890385010617,0.0,-0.17936457489583826,-0.1209219754884845,0.15680415091599684,0.11059209189511318,-0.5066904965433199,-0.11405614427053017,0.0,0.0,-0.12724603799435094,0.19294085445937167,-0.2391925189743008,-0.36175607492822665,-1.2147044287411226,0.7305345431487289,-0.1011901430295181,-1.6404922444423262,0.0,0.0,0.0,0.4438189201163151,-0.2589844981235288,0.0,0.0,0.679405367696378,-0.3788846353120888,0.20833760876834487,0.0,0.0,-0.601265442145088,0.20988814341617726,0.0,0.21273376423167858,0.0,0.41099218385621916,1.572639541052493,-0.22511912418538577,1.0691497023407759,-0.4271656567224199,0.0,0.0,30,2,2.0409048950911326,3.6275223672201595
53,0.01830927935184845,0.0,-0.17157951952085207,-0.12088791684128358,0.1331944874251215,-0.20061560108492846,0.0,0.21127996992121748,0.0,-2.5455260995213895,-0.1757362568038034,-0.4893093605793079,0.0,0.0,0.0,-0.7142967241719224,-0.12418855882836244,-0.19590317016275757,0.0,-0.2227198441847422,0.0,0.0,-0.17631533365058497,-1.463386284953286,0.7992115033228717,0.0,-1.3201442153367202,0.3232039351240106,0.0,0.0,0.5176952683921425,0.0,0.0,0.0,0.676753376181241,-0.5648418685882223,0.4632511218337643,0.0,0.2589012685279633,-0.2785533768561791,0.1946677522780455,0.26373745636127066,0.0,0.17076656641165186,0.4991095136599495,1.832366335320273,0.0,1.1567530187582866,-0.5144096364338746,0.0,0.0,30,3,2.020115445800386,3.841418023831529
54,0.018656394190881293,0.0,0.0,0.0,0.22514411285952765,0.0,0.1289231171478947,0.12260490258318264,0.16288409514017568,-2.307122597048574,0.0,-0.19361587914180045,0.0,0.0,0.15216251897140404,-0.3005147772860376,-0.16742044410338208,-0.1624356127930609,0.20127696241904497,0.0,0.23766844541360377,0.0,-0.38673809758895994,-1.4324799579408078,0.9189120723472325,-0.3739632304707338,-1.5996230764816148,0.0,0.0,0.24187031875338993,0.18501367405183516,-0.28838733015752527,0.0,-0.12047387109202382,0.8105891953094498,-0.2967108153579782,0.2350576225639185,0.0,0.0,-0.5493306803379058,0.0,-0.3446649584918731,0.0,0.0,0.22297382791055678,1.5796384400700898,0.0,0.9212886003563114,-0.26065828161710297,0.0,0.0,30,4,1.9350278696443153,5.010109600161004
55,0.018304427852468916,0.0,0.0,0.0,0.18783443673807748,-0.11439020885071143,0.0,0.31458439528329213,0.20094693845109093,-2.632199418449095,0.0,-0.43831327651556784,-0.1761378300374128,0.0,0.0,-0.6003101538667408,0.0,-0.3086117238055962,0.23403606314649533,-0.37339804709855096,0.32188375695817123,0.2334763615371961,-0.21834569894425937,-1.345648109566885,0.8765309995124496,0.0,-1.3543678360111173,0.15819871159192933,0.0,0.0,0.21615208826069035,-0.2335632156267388,0.0,0.0,0.9648794942483335,-0.5967179254588572,0.39547605011101217,-0.26197774938283186,0.12489648620553137,-0.5279959791788281,0.0,0.0,0.0,0.0,0.39075860574144294,1.8159906423631713,0.0,1.1102107472263387,-0.17817854136995867,0.0,0.0,30,5,1.991952223852382,3.925657961786957
56,0.018269236188732232,0.0,0.0,0.178883536095252,0.20386793169614378,0.0,0.0,0.29559459797952486,0.19971201655852833,-2.6509468564949645,0.0,-0.25496392419305136,0.0,0.0,0.0,-0.6400101065756925,0.12542440668008575,-0.19309139033772113,0.0,-0.19183238749351234,0.11979327268408871,0.0,-0.20017652219646653,-1.3678752765203632,1.1057076042434686,0.0,-1.2925044803021704,0.22888492357979812,0.0,0.0,0.4895576932560327,-0.32752625483904674,0.0,0.0,1.0313636768206527,-0.5852047630755421,0.3777663926003582,0.0,0.2744232684632598,-0.3235577867752369,0.19582275542452868,0.10640224692297541,0.0,0.0,0.5943686510182987,1.854014958541406,-0.23838308812283876,0.8778880369675706,-0.3004492796065933,0.0,0.0,30,6,2.0385188668392624,4.093827191268613
57,0.019340201483038066,0.0,0.0,0.2791881861553123,0.41945574780296546,0.0,0.0,0.41804789028704037,0.13605267694515283,-2.6168752760680025,0.0,-0.383378060948726,-0.2327222291871809,0.0,0.0,-0.6135859775004728,0.0,0.0,0.3237652702947633,0.0,0.4278665878385149,0.4422987387366005,-0.2837666375428882,-1.3732600092589438,0.9988602018016403,0.0,-1.1227136946759064,0.22242220462136725,-0.2889966669350001,0.17258261878944225,0.0,-0.33401763264089646,0.3789346825644672,0.0,0.9941091785467858,-0.4785012658762339,0.2993446300242729,0.0,0.25137277192140306,-0.6242309762128636,0.0,-0.32398467895778693,0.0,-0.25607889305579,0.19694634200415095,1.8422423938549142,0.0,0.8569358970372256,0.0,0.0,0.0,30,7,2.134988618094782,2.8784214505751926
58,0.01920906592882659,0.0,0.0,0.0,0.2504593097589715,0.0,0.0,0.3254569284090127,0.0,-2.6996649781123057,0.14224002596867363,-0.3518323714649481,0.0,0.324615920953061,0.14645882326485213,-0.6218660447164884,0.0,0.0,0.0,-0.13086813873197697,0.32303008525427684,0.0,-0.28999357278008736,-1.3348315002868987,0.8235778899851154,0.0,-1.532978392325999,0.14097767115234228,-0.08418662572236865,0.0,0.32752363437940896,-0.20994481507659452,0.26674901204551393,0.0,0.9052116164529567,-0.5635492333886534,0.3128439822639098,0.0,0.1982997259818831,-0.48585259713122486,0.2587890894415704,0.0,0.0,0.0,0.29233995048839867,1.7868435869918078,0.0,1.173856581313008,-0.44487451927374233,0.16358968566947119,0.0,30,8,2.0332327142345537,3.6648253584474846
59,0.019317728527964522,-0.20736314044887846,0.0,0.0,0.0,-0.17502046043765637,0.0,0.0,0.11036795492491921,-2.3975529961796322,-0.3682027547550147,-0.3016777789797545,-0.18852704453836627,0.0,0.0,-0.5319832199345605,0.0,-0.33709764545573323,0.0,-0.20859530311425253,0.0,-0.3689103264562875,-0.24708089345699616,-1.330836012920408,0.760340255879272,0.0,-1.634098432686758,0.2572217275390001,0.0,-0.06906337230928496,0.6540364221854998,0.0,-0.1272175645463086,-0.21149597285978058,0.6355744853449223,-0.559598877376894,0.2679639068819713,0.0,0.23314563656529672,-0.2627132321354648,0.0,0.0,0.0,0.4979828066743293,0.4086759721590402,1.650914450110812,0.0,1.0919839152502446,-0.5593430081077199,0.0,0.0,30,9,1.8696399001352397,6.415149153037132
60,0.020009754720273543,-0.262580212579219,0.0,0.13890670726090573,0.35330665986284393,-0.15622242762064914,0.0,0.2874331640575325,0.0,-2.750258987526314,0.08674614069144027,-0.49296608393177904,-0.20225514944128176,0.35735700211467797,0.0,-0.643751793804927,-0.09862579834302833,-0.16848134347259544,0.43261877019838296,-0.11083674620480202,0.5403555894241269,0.30407095853905897,-0.27455457144873013,-1.1851872409915136,0.7918980832502304,0.0,-1.331946530968375,0.0,-0.46000515118827257,0.0,0.0,-0.21821370469572915,0.2819254775165414,0.0,0.9574327056921341,-0.44430758522087804,0.16834862339048207,0.0,0.0,-0.6394590532917046,0.0,-0.39876393696548407,0.0,-0.23408718978453302,0.34582572507456855,1.9294747181533392,0.0,1.2041774842158157,0.0,0.3082258077874804,0.2291146115906538,35,0,2.181894747453783,2.0206403763729934
61,0.01849072792092634,0.0,0.0,0.44681289168689226,0.3496338682635104,0.0,-0.22055887211096373,0.43903368982711105,0.0,-2.765475052264396,0.10900292622731729,-0.27093271429120735,-0.26783296045662647,0.289539830115264,0.28409829001578585,-0.748893500585319,0.0,0.0,0.4280972623467971,0.2352024731765048,0.7454060998834706,0.31748478582043127,-0.2190371972008838,-1.3650208626663003,1.0758391703247299,0.0,-1.2264073525621884,0.0,-0.37101023839681896,0.2926896710490221,0.0,-0.46396488181606105,0.5772006566176112,0.0,1.1538883373383713,-0.45677885070930746,0.17278848882230252,0.0,0.14547262145491335,-0.7426705560998371,0.30321831055112675,-0.5711404061730329,0.0,-0.36993165017629315,0.13634970102109148,1.8352210352017166,0.0,0.8361745326989857,0.0,0.43332232076969707,0.0,35,1,2.055308806040452,3.2115235708677266
62,0.01936873013252219,0.18956254179044735,0.0,0.19895054585298527,0.11298652803408683,0.0,0.0,0.44173791106425797,0.0,-2.554600776989662,0.0,-0.1349128673094509,-0.15675998750231152,0.0,0.1091003032997295,-0.5748990510960802,0.0,0.0,0.10968052649999177,-0.1515662986242531,0.2537024318777203,0.0,-0.2734145411129727,-1.2984899697463148,0.9853541308311903,0.0,-1.3962280948409644,0.1856584150164797,-0.09245706664100534,0.0,0.3815459233917344,-0.22640753949973427,0.13570491184668357,0.0,0.906909845995446,-0.42455460773657056,0.3000687622617665,-0.22497884140120417,0.12318297671775835,-0.6565069475233569,0.25372156402402996,0.0,0.3045253047888654,-0.14859518672339667,0.4437008334093185,1.6351642336349594,-0.226494254320016,0.9173696199156,-0.2940973709857927,0.0,0.0,35,2,2.0293652043716914,3.5194754558695855
63,0.018106829255786185,0.0,0.0,0.0,0.14148034145823837,-0.250236739847681,-0.22128084258732228,0.26146010111080714,0.0,-2.6376018288057175,-0.20196180211432496,-0.6154234757055513,-0.1240679120393592,0.0,0.0,-0.7753384206540355,-0.10346775997160718,-0.2929809925740858,0.0,-0.24541974633781782,0.268580335885473,0.0,-0.3059377251074221,-1.3519697844287053,0.6646823466433566,0.0,-1.346948479619281,0.28491739515820347,0.0,0.0,0.562297154333034,-0.18644262574255654,0.0,0.0,0.7714889609078228,-0.7354136206864729,0.5036827622924893,0.0,0.31947720288023906,-0.49676650831913044,0.13704094951192733,0.1954315716376837,-0.177035225153993,0.32215631606906703,0.4428761499335641,1.86478362874943,0.12067225233335106,1.083766076659301,-0.4781518664276129,0.0,-0.16062970446417654,35,3,2.0005083768390857,3.9819625206745233
64,0.018582855823851392,0.0,0.0,0.0,0.27585621221554646,0.0,0.0,0.2924475493599733,0.0,-2.3727217666872256,0.27967516758251637,0.0,-0.08055753274831069,0.5134467467189769,0.33507008801333266,-0.19528907161484813,-0.31509947742176797,0.3814465641311734,0.4116665392609573,0.4706040015752727,0.5997333332164096,0.0,-0.4153979118931151,-1.4123192570714336,0.8157834732745163,-0.16998666015086292,-1.6700196072213351,0.0,-0.1538574994043677,0.41499395121116045,0.0,-0.22271396259691045,0.3870275436473269,-0.16292735594725613,0.8208014189697719,-0.1623016690671568,0.14064155382237556,0.3440620419082665,0.0,-0.7243223918759133,0.3348775441413256,-0.6335780127423427,0.0,-0.12068538469415366,0.0,1.6320275603323757,0.0,1.0462827758682955,-0.18138633042766011,0.3670468718356394,0.0,35,4,1.9133557732212243,4.989722233130581
65,0.01852578504008832,-0.22193416955209408,0.0,0.0,0.31749039573454685,-0.10299826418976124,0.0,0.2540053537280775,0.16905094583045222,-2.6169527812972238,0.11596718766587508,-0.5384190054059689,-0.27327312301586104,0.2125342077821113,0.13117617885529193,-0.6894123457465277,0.0,-0.1437116842808897,0.43973931175739134,0.0,0.6586288161215201,0.29820308444140614,-0.3309392044620207,-1.2052157437707482,0.741974556220176,0.0,-1.4963883530279807,0.0,-0.16539273271300223,0.20850092992269578,0.0,-0.3811535995989433,0.21533234786320785,0.0,0.9932751837071568,-0.571547336160471,0.27846188883729506,0.0,0.0,-0.6071271986336525,0.0,-0.307491846550933,-0.12399930425392823,0.0,0.2039869613407157,1.89296371729484,0.20797402495529174,1.1889257540541471,0.0,0.2634759968331352,0.0,35,5,1.9807209850524548,4.101450590448302
66,0.01805359246759659,-0.14560233603824546,0.0,0.352894505014629,0.3759139660954442,0.0,-0.2271312267675325,0.5200062675579611,0.0,-2.9777391004173177,0.44135936890068783,-0.3390815373229487,-0.19763406954425186,0.47537232149670317,0.10161823289307667,-0.681103675131344,0.0,0.0,0.3369461928815335,0.0,0.6446050101020733,0.22667839539664425,-0.33192006893826764,-1.1145426333063204,0.8466667960526024,0.11783359279056102,-1.2697852415432613,0.0,-0.3533825201646744,0.0,0.20801631119457661,-0.36448837926987815,0.45102600845795054,0.0,1.2903106949999728,-0.6909333073863982,0.20386480236315846,0.0,0.0,-0.8348949500006702,0.23951901294713718,-0.3561012090273431,0.0,-0.30599490149625064,0.4462258333570338,1.918329996368083,0.0,1.0688243010396965,0.0,0.373261013649417,0.0,35,6,2.0157279402483903,4.064185905822242
67,0.01955329715061649,0.0,0.0,0.3196722363045556,0.3435309684159018,0.0,0.0,0.4079879245064098,0.18195887559840665,-2.6327920296010947,0.0,-0.313730381083821,-0.3487809154868669,0.0,0.0,-0.5563467602216259,0.0,-0.10050591282630689,0.2347267414657521,0.0,0.29265364502541164,0.22880311061516748,-0.2918428046244696,-1.3147757297731992,0.9601281781658897,0.0,-1.1770928811640908,0.27004954303714157,-0.29262466095618683,0.1385464155815091,0.20271421189588287,-0.2644045776685606,0.32203427455830125,0.0,1.0565887935989025,-0.5484385465691058,0.43709925537502636,0.0,0.2992017256438125,-0.6643163247448318,0.0,-0.16881440169425768,0.25972161172546177,-0.2950002511908238,0.3417672532870699,1.8494626453243779,-0.21619862482881155,0.8816360000403006,0.0,0.0,-0.17602598420799298,35,7,2.1120938161679845,2.896633004623311
68,0.019221185953310283,0.0,0.0,0.14148408571898285,0.33515936615889896,0.0,-0.19351381259645406,0.6029560389012337,0.0,-2.8459982637960484,0.7337072713409284,0.0,-0.2471621602367566,0.7831284623467321,0.41593689398152556,-0.3963199330604371,-0.2325230021241253,0.6197360773059198,0.5096601951678894,0.6120331246059546,0.7486248172428791,0.0,-0.5050273497274612,-1.2285646018540524,0.6461084270090903,0.0,-1.6659343928403518,0.0,-0.3145646263053481,0.36981666087193915,0.0,0.0,0.8694889949774257,0.0,1.2120648276438848,-0.5739292705610318,0.32572720512133935,0.22782586533671517,0.0,-0.9205231108730401,0.5850584353595312,-0.6031094397192838,0.3880466635351555,-0.4504088757367587,0.0,1.8061797164298838,0.0,1.2159014743747742,0.0,0.6001542185481703,-0.3216998114594081,35,8,2.0108454353288674,3.7439786260169576
69,0.01946123532018255,-0.138312767971402,0.0,0.15879145541894235,0.0,-0.13125840731565236,0.0,0.0,0.1346976262697654,-2.3730746527240694,-0.26100751702598013,-0.12349421854453686,-0.3083411081624533,0.0,0.08242898730802296,-0.46573745582140935,0.0,-0.18987023630343292,0.0,0.0,0.0,-0.45937194741629334,-0.19696213040856775,-1.3455059837820085,0.8349582931898523,0.0,-1.61168216774508,0.23671860084612298,0.0,0.0,0.6276227286782897,0.0,0.0,-0.2241139555593335,0.7137041238312082,-0.46737419943722247,0.28810932126702826,0.13520653574495342,0.22436094305591303,-0.32486965304380055,0.10389638001261942,0.0,0.22503522331205902,0.3373251255776681,0.39720758164691633,1.6797742076471593,-0.23785087966837515,0.9514698931287148,-0.43275674795417207,0.06998490385768782,-0.18120229042026867,35,9,1.8584728679056206,6.393083218037421
70,0.019971149093070573,-0.16221925197442533,0.12961238412926812,0.2450416097618713,0.33322447076569883,-0.2064581338103841,-0.2816977123810147,0.4313489652144434,-0.10124842577372245,-2.9046692999729515,0.18635304562913774,-0.3882820674151776,-0.273259343036719,0.47965718163168497,0.10256245082558887,-0.5878263166823373,-0.12480750000465717,0.0,0.4706509226656886,0.0,0.7620372469996842,0.2605064873911705,-0.35924758210868085,-1.1342897103667342,0.7006947223942479,0.07969557888616748,-1.352327018299773,0.0,-0.45208435245560574,0.0,0.10907635105604746,-0.2282668814164748,0.43234106645022086,0.0,1.0049267580071926,-0.520523028316995,0.1508652466039218,0.0,0.0,-0.8858832671340159,0.15059249977262304,-0.4558805885121772,0.0,-0.25422273613895935,0.27532098133544375,1.9352476196099615,0.0,1.1809221131896115,0.0,0.42208212317705907,0.14534388737391166,40,0,2.171889287642516,2.023092699197626
71,0.01865791858609519,0.0,0.0,0.44448691527442474,0.3684621015366693,0.0,-0.3234839364962553,0.580384922284195,-0.12821573270037206,-2.854596879414746,0.5023223382531113,0.0,-0.3962302272198969,0.635628300738048,0.4119603350964887,-0.6065684792914734,-0.13548891646002428,0.42274831806501184,0.6302869371106511,0.6719179424214077,1.0043667896684927,0.23703742359871105,-0.3270737588740379,-1.2547159684520366,0.9444607014913377,0.17258957074742948,-1.2968232040021483,0.0,-0.43363074147378483,0.43922431620591007,0.0,-0.3861034606307073,0.8802104060790026,0.0,1.2201380564932731,-0.4449001202579488,0.18031667980418456,0.272049118709517,0.0,-1.0101949779740225,0.5841889877371388,-0.7063342094391678,0.1953138077265559,-0.5204587992151807,0.0,1.8737413909501572,0.0,0.9405947446687777,0.13488504372754656,0.6990907179225667,-0.1420492125513212,40,1,2.041808169254182,3.221924975380141
72,0.019149007496253707,0.12251509516043958,0.0,0.24966453754281775,0.17725144997325348,0.0,-0.11107666829703366,0.5632846873578717,0.0,-2.6404345699528946,0.3677131490328175,0.0,-0.31309456693342114,0.36153546664685077,0.28336862008879943,-0.45890753462033357,-0.13756676047719746,0.3591442511822576,0.40623076597892943,0.3379236330889494,0.589937951002226,0.0,-0.4049576434764407,-1.1775936140354437,0.826506718718545,0.0,-1.5073017365488208,0.08439336774240476,-0.22529192133228226,0.23072376021645266,0.15279740004408787,-0.19618057690191934,0.49138097786182355,0.0,1.0877828734488708,-0.43482739362082745,0.2750335959062678,0.0,0.0,-0.9282716772100229,0.4249077575136228,-0.36713932421355566,0.4329610293515338,-0.3796415796884283,0.2501987189787641,1.6732293341159654,-0.2100645450441657,0.9747461738885618,0.0,0.3108046939415817,-0.171120532997631,40,2,2.018725606964739,3.3414438852549364
73,0.018259986168861746,0.0,-0.11771766335926374,0.0,0.11033695999138086,-0.24546594470340716,-0.24525859307214787,0.2609595394037833,0.0,-2.653367424600907,-0.23552515546437036,-0.6603256857775485,-0.1278100174919232,-0.06640816052536888,0.0,-0.8695185586130689,-0.08037989967193226,-0.3188041740381231,0.0,-0.2740497606510559,0.21817430302319493,0.0,-0.29995762615371674,-1.3229015741595183,0.6951314900145795,0.05031206244602353,-1.251218113417579,0.32737973812641935,-0.026455108768378297,0.0,0.591492239575622,-0.1880306409575212,0.0,0.0,0.761020327379007,-0.772255549356876,0.5473285315006935,-0.10217348502059234,0.4029338951575434,-0.4532453779792228,0.15584362851497038,0.246669407626337,-0.14835190773778914,0.29838042290553873,0.5129530592225052,1.8399205647470607,0.12564812774726605,1.0867263916113605,-0.5179210420209092,0.0,-0.16362397077300547,40,3,1.9957322188562912,4.024154510349097
74,0.018496158632784906,-0.11824866472337267,0.0,0.0,0.3335350040225762,0.10465719020948953,0.0,0.3849212231207118,0.0,-2.4506352057648377,0.554549412837638,0.0,-0.17795995826314634,0.6863702046112604,0.4031819033143874,-0.196433533950673,-0.34549023272817875,0.5094607457085187,0.6012597979412029,0.6485728098650235,0.654283948444499,0.0,-0.5097291312199199,-1.273110410375977,0.7633791064835141,-0.1827037715539019,-1.7190027214443833,0.0,-0.2685186186715879,0.4641311854959362,-0.12549285829444456,-0.16138545308534902,0.5898803411888239,-0.20087129757140196,0.9341882337305146,-0.2212107980361494,0.18367594899323128,0.42133521459470297,-0.104984382385282,-0.8363486022731238,0.4045082841614183,-0.7086056419314287,0.2480354007546043,-0.36310963992879186,0.0,1.631792931354411,0.0,1.109059976701809,0.0,0.5017393217643411,-0.0696641196609349,40,4,1.902718788544953,5.002333758231872
75,0.01837670820434827,0.0,0.0,0.1676932446200818,0.29595742787509416,-0.11892115991802649,-0.33638650102794465,0.5375207786144864,0.0,-2.772009680347743,0.3856428829468635,-0.271047913107714,-0.3313865076574095,0.41735988602844515,0.2831376304145355,-0.5829476162132645,-0.16084208610733566,0.29717858966500355,0.5802716535756253,0.34690185782105826,0.9738474284058082,0.3028291302132454,-0.40496857585331597,-1.195223644088911,0.6643780535958784,0.1067073182971762,-1.4160447461077574,0.0,-0.22042419472735394,0.3858734054078622,0.0,-0.30727034263739794,0.6229211117178143,0.0,1.102835325973184,-0.5543144537732925,0.250448325574416,0.0,0.0,-0.9512788389048853,0.33458893561816294,-0.5472745006571824,0.0,-0.18855897984291084,0.0,1.849202869434221,0.1719095985291599,1.0814968533356948,0.1026756896770406,0.4631303178745617,-0.13014128696785215,40,5,1.9680469596821504,3.968966676689256
76,0.01822826057539693,0.0,0.0,0.40030914594763006,0.4019436240469044,0.0,-0.2810299380754733,0.6774130936056215,0.0,-3.0095163071966975,0.6494699639370767,0.0,-0.2782303659297492,0.5545234966530215,0.2868050409320966,-0.6105347507574691,0.0,0.4603488757573547,0.41646008129680084,0.3283660418806564,0.7683651734263072,0.2199314375366237,-0.42065171334066614,-1.1254957530391962,0.937481466520958,0.21424931773595604,-1.3054744155610547,0.20587742342808957,-0.3394393956120334,0.20065606803947525,0.30124116265940054,-0.2240113722991188,0.7053215794024832,0.11607558715162476,1.4620402698970256,-0.7398007076309733,0.3056666188358599,0.0,0.0,-0.9124981420510361,0.5184974056261491,-0.33373759629824234,0.2728147559023775,-0.4468636394026893,0.35243960646244676,1.890608195295686,0.0,1.0991691853579677,0.0,0.4778597982521703,-0.19168183942884845,40,6,1.9959055800522199,4.255913498277725
77,0.01970981032588194,-0.1009213395205927,0.0,0.29742775521342163,0.355987589143506,-0.07387929922096849,0.0,0.37509966654811816,0.17339994289173444,-2.6247295419804217,0.0,-0.3638869485581123,-0.37714479302105336,0.0,0.06660540819547593,-0.5936639801084749,0.0,-0.0952837283866439,0.2541926820916617,0.06823394950439252,0.31582631354121227,0.2264141159004538,-0.3378540254962865,-1.2417081370112315,0.9248875835182532,0.0,-1.2237278678019405,0.2851035070564766,-0.3355301199980619,0.15587389096524146,0.23530865982565166,-0.2553618796910896,0.3116769719357088,0.0,1.0669789031984152,-0.6251327450337888,0.45015545916796407,0.0,0.2995705887022727,-0.6817466776356945,0.0,-0.17546846449769704,0.2537313348432577,-0.250763407322807,0.3471649115110409,1.8454380565406563,-0.15766898713531258,0.9250982723116881,0.0,0.05215118333929912,-0.19605704821731268,40,7,2.1042365724781846,2.8421584276189424
78,0.019539787895635808,0.0,0.0,0.23695943267147973,0.3351240268729173,0.0,-0.29593686873832736,0.6423152288804422,-0.11660387551245281,-2.9046371700430393,0.7669008263726007,0.0,-0.29332760659223694,0.8049707769337626,0.43546628082074895,-0.45313556097483493,-0.17949640076029807,0.6600919663720545,0.4899583214528848,0.6514488988088453,0.8807115942276593,0.0,-0.4856656919439404,-1.1419063118125692,0.658481927514054,0.11834441976804988,-1.5772587049880922,0.0,-0.36059504302202217,0.3490663279649007,0.08185039347585188,-0.15308002977701815,0.9239813353318909,0.0,1.1908553929530914,-0.5628499688753433,0.3057166367445366,0.2948668058784193,0.0,-1.0196718974492134,0.6348426040247905,-0.5269956753962156,0.4151613816188057,-0.5062588187474949,0.0,1.8548329813519833,-0.09162009916435311,1.162208028942138,0.0,0.661058199222079,-0.30124576430331335,40,8,1.9957828012170364,3.7547464592661703
79,0.019355548241882597,-0.28669330585761527,0.0,0.23453594721787077,0.14502370731678335,-0.10073034046709126,-0.16926033266295068,0.18972289680452462,0.0,-2.4803435053865486,0.2466902545190524,0.0,-0.469590077187386,0.5425978107485481,0.32288664426691016,-0.3328989264252958,-0.23610195016273924,0.3549360324100936,0.4561217291755901,0.7437407754593018,0.5832426338862973,-0.4084944793357957,-0.3729005817740103,-1.1723975727254359,0.5714404410942336,0.0,-1.7606221782798324,0.0,-0.3123664626916723,0.3529970508011814,0.2294620867899366,0.0,0.5674587440953556,-0.2586516741355733,0.8626228462755814,-0.3663298912145487,0.13560149472268426,0.5319142481909809,0.0,-0.7238085988087221,0.3236145268439327,-0.6332793041633639,0.32875400667506255,0.0,0.0,1.7471597381630166,-0.16427871731814478,1.0146584808316437,0.0,0.5786402708623647,-0.24734778824101417,40,9,1.8512223254890159,6.117803827427042
80,0.02009438336176243,-0.13973205057692387,0.21671440439484194,0.2998303431819185,0.3804890670640058,-0.1650395263679425,-0.35241665322287175,0.5910192015357363,-0.1805425070607136,-2.946771258162184,0.6690130284499328,0.0,-0.41628491216493446,0.8841759072334449,0.28946130465887965,-0.2964461767621123,-0.30436216602014554,0.5393363916236136,0.7789812996099278,0.5676850209333099,1.0795551339119644,0.19053410360848874,-0.48251768740801854,-1.0772696266218207,0.5736791183368597,0.12779210518653705,-1.5333663956874484,-0.13524463923034158,-0.5204769962349007,0.2694095101966412,0.0,-0.12166862730921917,0.8327759253226235,-0.06727382409086922,1.1479898652074425,-0.4276084173339866,0.07540591282936272,0.3128847808239643,-0.31226151246125466,-1.2191839927887909,0.437383050354342,-0.8213517206850339,0.27160561192923527,-0.5175441993936005,0.0,1.9398641809470494,0.0,1.2130421248142893,0.2468414295152457,0.7091908021576695,0.0,45,0,2.162919979963238,1.998835895771757
81,0.018631934481873263,0.0,0.11179816647537398,0.4997330029176767,0.3884359422848661,0.0,-0.38702064341209624,0.6253886954273195,-0.15534553256619954,-2.883428163856915,0.5427848624360215,0.0,-0.42841560392941275,0.7101634976932208,0.4310539100144727,-0.5629215096008058,-0.14371524328586088,0.46914368034632564,0.6975771677398981,0.7363485746538616,1.1043038212731766,0.2423421832034975,-0.35759297512731236,-1.2368276042232094,0.9160854616207492,0.18078436178909058,-1.3303582000623921,0.0,-0.460972022607392,0.4532536719306586,-0.031332324210342,-0.38807075294172794,0.9197852750319625,-0.032686742259866834,1.2452614067357506,-0.4460924138887789,0.18152260430116454,0.31832447629342636,0.0,-1.0899145619750243,0.6125645914237899,-0.7637654941230969,0.20524017348844575,-0.5368355005892618,-0.06692205506521072,1.897698132288838,0.004045495588511927,0.910583500960871,0.1916994443884274,0.7597655436096453,-0.16025632950850172,45,1,2.038976510603077,3.255111846779866
82,0.01914226506434822,0.14233639232924394,0.08424010855503089,0.26745602690091047,0.18989622921901847,-0.030934146529338277,-0.1488939220120531,0.5794801106759866,-0.03505645280284102,-2.669530664552915,0.3431798407590777,0.0,-0.3027326732671256,0.3732182286104559,0.28020682294102656,-0.45310839476652415,-0.12393308663682064,0.3454195663568195,0.3817312119170619,0.2854148560234399,0.6388796481787703,0.0,-0.41752062992755257,-1.1817354433230118,0.8096216888224516,0.0,-1.5369387553756122,0.10571867209165496,-0.19969012349463397,0.1937402739064878,0.19124295292815094,-0.2102738239649828,0.4607228218928569,0.03771582862027188,1.0824992577941812,-0.45363920954566994,0.27182116193780514,0.0,0.0,-0.9450552485952102,0.4237708268660876,-0.3264929964566899,0.3899655835495761,-0.3270965265407209,0.2455825269868974,1.6920259059097653,-0.18004929872935752,0.9900103501826056,-0.05540104132708419,0.31062528623829117,-0.16958775238168725,45,2,2.0168938239580125,3.3460491819209177
83,0.018142826993079657,0.0,-0.1247439282486491,0.0,0.1492208748506006,-0.238473235614868,-0.27792806064643705,0.3188271701264421,-0.03271701277975152,-2.7017224576897543,-0.16920219534948128,-0.666579607692156,-0.12957505433736796,0.0,0.020258878863066328,-0.8855749149030337,-0.09709952679854338,-0.2611350236673886,0.05165507247854406,-0.2491534280809268,0.29367200715175606,0.07132301606577528,-0.3182104338238785,-1.3021979172140243,0.6822234641583479,0.07716888303169764,-1.2340694826736522,0.3178338314159858,-0.06730549716971035,0.0,0.5496695654806255,-0.18259801110409454,0.09650788492050497,0.0,0.7915021555109771,-0.7819800779418782,0.522659592325721,-0.11912253709929832,0.37534585184325814,-0.5179337366032555,0.1830844554383739,0.18328241280327123,-0.16441810113934036,0.2466012106049734,0.47646771466830085,1.84080676753394,0.1745514652560646,1.1114742863240583,-0.47926109863206356,0.03567473936646386,-0.13745613635848128,45,3,1.9944677433206621,4.003974370808394
84,0.01852318619559368,-0.10366911122945532,0.036160297277265455,0.048691170285319586,0.38129976289568057,0.10400635136213232,0.0,0.39813318388105273,0.0,-2.462000480473884,0.5588515575362913,0.0,-0.17853863482120308,0.7002762526467744,0.41200066681132547,-0.1921654912034467,-0.3461446450894422,0.528192762002481,0.6317701321155419,0.6388420157767081,0.7415258824270066,0.07918746170666201,-0.518092567646238,-1.2902250861945972,0.7825488600503191,-0.16671926466896578,-1.7162053637192822,0.0,-0.2869565299339762,0.47877067560990544,-0.14627925454229457,-0.1732129764408076,0.6155299408208861,-0.18359171404991878,0.9879452434328136,-0.21821389757403303,0.157552006819764,0.3812698196838607,-0.14637746105758007,-0.877388731586342,0.3918847749252783,-0.7743270948720934,0.19277946907692686,-0.3573919238023668,-0.060080126467304144,1.6318002140864327,0.09490830639651995,1.1128725180525945,0.0,0.5017869667513171,-0.051833315421469184,45,4,1.9005233415409828,5.04061336257922
85,0.018396787121983352,-0.0590377200564249,0.059289091785753575,0.18170245377292923,0.3237980188626655,-0.11266159794581519,-0.33056631259210467,0.5470262645377312,0.0,-2.8007740857837837,0.39750040076160725,-0.3065588062217083,-0.35026882241363433,0.43712458479548044,0.28014372279066446,-0.5956045010455439,-0.13052552458589411,0.25878112267278963,0.6064226999851191,0.3146897456902909,0.9672368397693367,0.3102222709977683,-0.423842584478633,-1.1607678116382518,0.6628502751328529,0.10154303400992773,-1.4320091005415763,0.055034049728568804,-0.24310870931022147,0.34971753178975984,0.0,-0.30193251549345634,0.5963436310209766,0.0,1.1374913184017634,-0.6033648680176982,0.27741615126718255,0.0,0.0,-0.9547116529985105,0.3105119827336553,-0.5019833959258413,0.02124314760208144,-0.19481862501081484,0.04909852892036628,1.866983888785646,0.1989778162065065,1.1098790404090542,0.10719656785880635,0.4766652925054311,-0.13007796505185987,45,5,1.965814377417834,3.9571460100093514
86,0.018181968632038296,0.0,0.10076946994700986,0.534890196456577,0.40329033113587176,0.0,-0.37406982106742415,0.7159232565561127,0.0,-3.0339399007018244,0.6872707282448021,0.0,-0.38355675106055814,0.606336470452241,0.31719388359459927,-0.5597464759530866,0.0,0.5190885808313546,0.5098868041107523,0.5035544849457882,0.8645721133927563,0.18517001817329706,-0.4188070416923863,-1.0981492001176516,0.9095890973033843,0.1951027785930551,-1.3134740540820822,0.14743562067770163,-0.40307986176290145,0.24630595493582613,0.19662365967137924,-0.2558613807177058,0.7813291327283682,0.08016322925885712,1.5041349419595877,-0.7070193217259811,0.3256548676213944,0.13079036563489432,0.07259332908920126,-1.0053994822975905,0.5565703437271472,-0.43944060427311615,0.3433916656143471,-0.5410043360540546,0.3115394478069816,1.9720708813031123,-0.1617399187272065,0.9750220493646128,0.20674888855708112,0.5991739787286796,-0.2689815494247539,45,6,1.987253969432976,4.350124139016203
87,0.01974891883598933,-0.20279290912645198,0.0,0.2910584385888732,0.40617894275280125,-0.05723697437295291,0.0,0.4133322261819139,0.14323822225590874,-2.6357005836424805,0.25837661007815954,-0.2733635634066736,-0.46152424698780486,0.3202142850158064,0.19233298776909802,-0.48387464635393745,-0.12263930388013175,0.16815675395319937,0.4685846362814097,0.45442955567533755,0.5836482734440538,0.19733344631144895,-0.4026700964065083,-1.170766417982753,0.7977838795723668,0.0,-1.3605969840476628,0.14800501195028373,-0.4268236507350964,0.30943234615476956,0.0,-0.2761797114520571,0.5450230365340705,0.0,1.1170366066783703,-0.5246487630241833,0.3486048008564217,0.2602317976595556,0.13777998780248848,-0.8378480864654655,0.10348022775097068,-0.5073626884963164,0.28280124574104604,-0.40004079556194017,0.15821776847121857,1.8687599828816093,-0.12953835524605917,0.9987343673056731,0.18729502193190506,0.3081326030819137,-0.21083077566641298,45,7,2.101267001537744,2.8037204374396083
88,0.019373654483933484,0.06702648694275842,0.14255209725704798,0.41125884295459253,0.4003280631273184,0.0,-0.3700189162846922,0.7803892000988122,-0.1280928364300291,-3.0181378907325724,0.889438228115735,0.10020866975357744,-0.38412192218034996,0.866545320216462,0.44306611131097745,-0.35632812377893647,-0.14908866488924494,0.7185615272571665,0.6474382632459358,0.6839422553870406,1.0108791303072955,0.1208770038592333,-0.47963265934345306,-1.1546152628031052,0.7082455664741715,0.13919522668079476,-1.5297847865342262,0.0,-0.4100899288858362,0.34383028008486954,0.0,-0.13422362180583525,1.0206610067484083,0.0,1.3614028640909637,-0.5915829933981287,0.31368410102420724,0.24808864391871369,-0.06381090498931036,-1.2000786593868724,0.6555381379657229,-0.6300884300839826,0.5046238851652745,-0.6642030195079469,0.0,1.9180184721923168,-0.11281857574484613,1.0952144188508688,0.1822696933725203,0.7149498366748254,-0.3323088626712871,45,8,1.9924508326411523,3.743835692695864
89,0.019381605037059192,-0.2309720030565443,0.12542427406289647,0.3456287600173375,0.14886874092749625,-0.13030003974740786,-0.26618532556197855,0.26266270644252643,-0.04114541781081618,-2.5812860034806033,0.23700878214788887,0.0,-0.5163829791514263,0.5492010206623129,0.2744294319325556,-0.32339264375438936,-0.16992316765871418,0.2862952207574204,0.48851867921108943,0.623537382347131,0.6820578812883168,-0.36420448904966396,-0.3563327878242335,-1.1535928659666812,0.588773194925832,0.08577404050895043,-1.700460959026649,0.0,-0.30067183545013815,0.2693535132393207,0.263682340960301,-0.09175269410320837,0.5283984624660993,-0.25213338315930506,0.9120896966011647,-0.4247956795705683,0.14432988386753973,0.47009671190884333,0.0,-0.8197648111449956,0.30828739462309324,-0.6038990484424448,0.29848607212222517,0.0,0.06368662071382622,1.8055402892115384,-0.15603123120507986,0.9865496301733787,0.0,0.5733589203282584,-0.22340326449577627,45,9,1.8451092086377503,6.147117077874557
90,0.02006535376374849,-0.2098540483676814,0.2077127249756039,0.30579146248558686,0.4105389009754319,-0.1529583265951011,-0.3450620113898246,0.5790359694819003,-0.18034597053124202,-2.9560988992733357,0.6818605662057244,-0.08112134722469122,-0.4332017358730589,0.9442357152418843,0.29607833706429787,-0.3322685579742988,-0.31141055391343997,0.5260229907062666,0.844692080814216,0.5991723776103335,1.1466464743602458,0.23235304780460808,-0.485311402425328,-1.0456388863741921,0.5467724417220268,0.12686810843342755,-1.528948985414445,-0.1761233103515103,-0.5816054644907034,0.27752264865424436,-0.12225656146472019,-0.15988304314864976,0.8590650590755615,-0.07448207721721545,1.1483795591927333,-0.4088604742515898,0.04393282293924372,0.3535406407140478,-0.3158564625719684,-1.2258151204962182,0.40363577002937134,-0.907309482074993,0.22136423396241867,-0.5551591994733656,-0.019941090694000962,1.96061598331546,0.038420907536988125,1.2335877797934707,0.309368882950249,0.7695586227926334,0.03257421016409978,50,0,2.1616227733485114,2.0427667442684143
91,0.018633635211483774,-0.014714484834179586,0.11685989394947782,0.4954313481907171,0.4011734229149049,-0.009897535364878252,-0.38388705959537006,0.6238996404576547,-0.16440524511118682,-2.890288894199827,0.556390330876134,-0.009903805797129905,-0.427677779660268,0.7356048116898855,0.4282066088601084,-0.555853721380835,-0.15147389716901571,0.46762587910324527,0.7122407598145379,0.7367675780191831,1.1315966654432046,0.25305969466318246,-0.36057130603060017,-1.2285633622717143,0.8969781833008419,0.1813341708634546,-1.341813450345267,-0.021642809377450334,-0.4710736951162957,0.4528971908670236,-0.045321853445170035,-0.39853928211036305,0.923660389657897,-0.030490002849187903,1.2488410909272147,-0.44563021235536127,0.16322025299231768,0.3296899250843772,-0.033234423359939314,-1.1062797589821258,0.6008603861020525,-0.7912205585371836,0.18761470493480914,-0.5373725358337751,-0.07853692139721602,1.9033034400992328,0.024209938128269215,0.9277983019880409,0.19942940440814283,0.7699889395660833,-0.14183474678394248,50,1,2.0388057480800206,3.2392024452344996
92,0.019158018283389196,0.15734992090586886,0.09586363659596131,0.2698014161329674,0.17616032517855018,-0.023345402276078175,-0.141144914552509,0.5853063054972694,-0.02803495174795856,-2.6617038292644573,0.3821922504374804,0.06096967898931993,-0.31286744062599325,0.3871446202566169,0.2976161465186671,-0.4104656492594607,-0.1392805639668815,0.3839354846404426,0.3895872019459361,0.33074942896186954,0.6324911157484863,-0.03793286556448905,-0.4248133313190898,-1.18895703518373,0.8058496386589162,-0.01872537830071508,-1.5690326809119028,0.09691447722115853,-0.1768979252196452,0.21057871351191437,0.19645068589303705,-0.19241100842018,0.48144852382375447,0.03513285480573103,1.0927571325340892,-0.43791176468235804,0.2678342736368329,0.02314430914679022,-0.03185251706462111,-0.9639460281017413,0.45128553958472395,-0.3409921723033058,0.43647804002197077,-0.3460466447902917,0.23233765815540153,1.6786230479232742,-0.20575718993829994,0.9812420894241249,-0.04280750281832724,0.31797661402632826,-0.1944482068297937,50,2,2.0165891657390884,3.3720475699766097
93,0.018160281553411955,0.0010563023121825665,-0.11090936835548604,0.030435816056023413,0.1599348777756866,-0.23338498413997755,-0.2920120967743074,0.3391312513059823,-0.040560815086642776,-2.7131243016818267,-0.11972908182659125,-0.6338246243519734,-0.1543206598870377,0.04306108552684407,0.04299209916140967,-0.8602992715679285,-0.11008338523108208,-0.20852318324811137,0.09438381605534119,-0.18445728636999092,0.3449341553947036,0.076421814154223,-0.3246435125161682,-1.2944730071530408,0.6757631010017491,0.0815775230796767,-1.2425469430009528,0.29831984651750076,-0.08645242025051658,0.02967572078314973,0.5186545360463697,-0.1838874885095052,0.14687425578691915,-0.0026676445514439706,0.8186329284491443,-0.7679886687635893,0.5092617155259482,-0.08919007277879842,0.34835017318201267,-0.5611711399230472,0.20811439209113658,0.1297670237090287,-0.13951079886188822,0.2041537793050736,0.44595887282294555,1.8485654338034543,0.16812645167621554,1.10288270360153,-0.43533943586491475,0.07635600200146087,-0.1497913741596939,50,3,1.9943354423815294,3.9654134848154636
94,0.018485767111386095,-0.11535588844396827,0.047720188840436606,0.07554896324485938,0.4035392405574676,0.11886832599350328,0.012949094783998305,0.4142373992433228,0.0030552300498598584,-2.466668792299142,0.6170992151575057,0.023864619280594468,-0.21077950442757043,0.7443380016918084,0.42730838334166776,-0.1633578130484885,-0.35706196060327855,0.5722049808719767,0.6938289466711289,0.7128893375286367,0.7867896752170225,0.10249586783203313,-0.521760010659623,-1.2807652608645625,0.7819426252436976,-0.16796224184282948,-1.7281411688383521,-0.01996970393906139,-0.31402287246214655,0.5052316808098958,-0.20617115391861063,-0.17100567303014458,0.6671173004569937,-0.1890440257828203,1.0285182605012047,-0.20084566101856893,0.14501688015919711,0.4150984706846046,-0.18238756895863872,-0.9253991519637914,0.4031062157502028,-0.8399961455921598,0.2218652960687848,-0.41414700746771516,-0.08894368576996925,1.645166413372877,0.08799843878281521,1.1038768044903051,0.08447513636949111,0.5428468718366339,-0.059754479551148876,50,4,1.9001293823050016,5.03405187101372
95,0.018374643869932678,-0.06098879566871318,0.047314679676564,0.17934438928654473,0.31698231151230516,-0.1075856204874377,-0.3264588931657926,0.5369697362195858,0.014315954719208435,-2.792543508806496,0.35827440474750816,-0.34043471255905544,-0.34119873107351495,0.40039718321123274,0.26332341470267195,-0.6201349546075576,-0.11476729627195326,0.21643966229847322,0.5919665973840651,0.2745581120218148,0.9304444635302964,0.3205968196342184,-0.4114758517985635,-1.1653087240427098,0.6804940132581834,0.09812536582848352,-1.4046746184698229,0.07040418265522064,-0.24370580163691713,0.3362726058023391,7.257360370616084e-05,-0.3036087742591107,0.5664228643403355,-0.01321137443715159,1.1309858953948542,-0.6126367705062847,0.2928114779852997,-0.029646682939159064,0.03967758163722124,-0.9233939760963317,0.29016302162552066,-0.4763257764678812,0.010202680777837259,-0.1838267531202611,0.07505244078364726,1.8654026007604365,0.19332756214360458,1.094473471812698,0.09960773606345086,0.45309969695026453,-0.12454733215150782,50,5,1.9656283794974863,3.9819312027405442
96,0.018219396542736393,0.047303240921188205,0.12514621260780956,0.5391496128267761,0.39957952986367573,-0.04611264506809931,-0.4225319851208482,0.754336820233025,-0.0529111206429711,-3.0561742830036387,0.7423360435773603,0.08619835292576994,-0.38406988051331936,0.6801985410699736,0.3458525239324075,-0.5042866239469852,-0.03255026011614959,0.6128662218806902,0.5254313586488522,0.5682438481392253,0.9433191941153005,0.17096138328678734,-0.4290884173020153,-1.1034660025120182,0.8725174961914526,0.22713889296321454,-1.3316845409636962,0.14523083977845985,-0.3918669408751718,0.2718569229655827,0.2196314285391452,-0.2406751665034932,0.8265232364428883,0.08659736408084129,1.5078497252752499,-0.6973438299513575,0.3039802140157093,0.1634012903011346,0.034331412208590706,-1.0734584781367111,0.6157627951733886,-0.46908960025561086,0.35044524637429575,-0.5341507080001797,0.2629220188267034,1.9756073717428535,-0.15783794840096732,0.9839553683302036,0.19227562299005285,0.6394577927910312,-0.2906560259983699,50,6,1.986016740363565,4.338173080099837
97,0.01973824212874966,-0.21254626504557095,-0.01865075672906258,0.26541745655410764,0.38609050732735284,-0.05098092436978163,0.05578706865834704,0.36302340992720517,0.17639908970924623,-2.5907366867511534,0.1967969701159511,-0.29457427303396955,-0.4431876930646794,0.24884747536763996,0.16421396868369698,-0.491384302556515,-0.10435167930305767,0.09504876777793214,0.41421620100870626,0.39500351697169833,0.4798300072157957,0.17322614730206354,-0.380838446691282,-1.189187542431469,0.8229609527744302,-0.031030413806103496,-1.3588379421445715,0.16179385829922666,-0.40109310899745054,0.28889919349512283,0.03955039520975845,-0.2668697190430471,0.4698543302919447,-0.018808332944097117,1.0949183757507797,-0.5243499006053902,0.3670087785264542,0.24364535054111514,0.16005061777926954,-0.7719909808050645,0.05939244049945813,-0.44156608433892686,0.2889476951164873,-0.3584571759587263,0.2032150918679605,1.858519153969855,-0.15590727049135822,0.9845863492523286,0.15293952363521157,0.24493911820014702,-0.2105029316870599,50,7,2.1007343074228224,2.8460095924692332
98,0.01939034674216469,0.08881422766324576,0.14923174663373473,0.40714215053734293,0.39429795643856735,0.010557862232548842,-0.3826625875977392,0.7921700209652371,-0.1351872174546962,-3.013858362792824,0.9240726431155686,0.14874216712775024,-0.3857706306126296,0.8751517679553515,0.45915180626095164,-0.32833405546088557,-0.1680480622842957,0.7703190492818983,0.6461821765172893,0.7306337188818901,1.0220391453327764,0.09751390340866095,-0.49985782872310125,-1.1566958253168629,0.6973163107962712,0.13690668172107578,-1.5579695170062635,-0.00859550407693277,-0.3950222464598916,0.36950839707620275,0.03522427804368533,-0.11923482511295092,1.0558364430264362,-0.0017903656843643034,1.3620288396751121,-0.585835246333712,0.31178185006264414,0.26518255037740346,-0.08647815727076136,-1.228797157628346,0.6923691856592065,-0.6424261703351171,0.5310506752976991,-0.6667485698986724,-0.038804965534279035,1.9060180085902445,-0.11847266665561662,1.0907373814392507,0.18362176604752278,0.7189351091620679,-0.35378496351037825,50,8,1.9919541971912744,3.7634872787690568
99,0.01940804020339093,-0.1982628844423182,0.11551382541944832,0.3332861126385538,0.13822352636265833,-0.13105683433695603,-0.25454960871860166,0.27381594947542,-0.0390159555970051,-2.58652682417366,0.2093648206266998,0.014969510719996748,-0.4952582195146853,0.5188976738150757,0.272318995088483,-0.3398213558847729,-0.14983987980469848,0.2766235227202749,0.4411294259839984,0.5514030953263536,0.6294833294873854,-0.3646272151563288,-0.3447535405773401,-1.1736094981886147,0.6284635179800588,0.10222013115444639,-1.6758201949066418,0.061113580671754875,-0.27431773747393606,0.23700190364073492,0.3173599076416984,-0.06603699195689572,0.49840444911286497,-0.24018297022407964,0.9125533633663778,-0.4415809397137629,0.1711332379638364,0.4129808040088534,0.02117365310098762,-0.7852572793884534,0.3201514156492884,-0.5183501063864853,0.3187121458862805,0.0036393749532912523,0.10457967180392203,1.7830803069857026,-0.15807402959400463,1.0020666304248884,-0.07574366083265716,0.5282558195337366,-0.22929199670844014,50,9,1.844429341036153,6.123773556647145
